{"x":-7.624202251434326,"y":-0.15958189964294434,"z":0.0}