{"x":7.6044135093688969,"y":5.430822849273682,"z":0.0}