{"x":6.111560821533203,"y":-2.796103000640869,"z":0.0}